NIGHT,EXPID,CAMERA,AMP,RDNOISE,GAIN
20220601,137628,b0,A,4.099014916189597,1.133
20220601,137628,b0,B,3.020405908373089,1.117
20220601,137628,b0,C,3.567360676690827,1.122
20220601,137628,b0,D,3.790363537740979,1.122
20220601,137628,r0,A,2.763049812138426,1.655
20220601,137628,r0,B,2.529432213455071,1.488
20220601,137628,r0,C,2.711199954348127,1.583
20220601,137628,r0,D,2.435110683500704,1.507
20220601,137628,z0,A,2.633321100153231,1.614
20220601,137628,z0,B,2.318446829911265,1.519
20220601,137628,z0,C,2.650753125989983,1.673
20220601,137628,z0,D,2.350611036174744,1.491
20220601,137628,b1,A,4.76386228017632,1.308
20220601,137628,b1,B,3.170420735994086,1.286
20220601,137628,b1,C,4.123886196180573,1.288
20220601,137628,b1,D,3.226935311954751,1.304
20220601,137628,r1,A,2.926697970440603,1.626
20220601,137628,r1,B,2.826692656672714,1.611
20220601,137628,r1,C,2.704388702550258,1.403
20220601,137628,r1,D,2.620588429204454,1.436
20220601,137628,z1,A,2.617531630723023,1.439
20220601,137628,z1,B,2.414792443678894,1.484
20220601,137628,z1,C,3.500943527109122,1.603
20220601,137628,z1,D,2.566104070506758,1.49
20220601,137628,b2,A,3.569128899292903,1.119
20220601,137628,b2,B,3.096249262980318,1.12
20220601,137628,b2,C,3.129646713815301,1.118
20220601,137628,b2,D,3.006385610655729,1.114
20220601,137628,r2,A,2.689604657299693,1.653
20220601,137628,r2,B,4.510001913664902,1.594
20220601,137628,r2,C,2.4609189783507,1.509
20220601,137628,r2,D,2.4671042302337,1.47
20220601,137628,z2,A,2.273135324113914,1.432
20220601,137628,z2,B,2.236562918225911,1.494
20220601,137628,z2,C,2.671212638583511,1.593
20220601,137628,z2,D,2.331924895592008,1.524
20220601,137628,b3,A,3.712526827244557,1.145
20220601,137628,b3,B,2.934155712378996,1.132
20220601,137628,b3,C,3.519114985227992,1.159
20220601,137628,b3,D,3.016971841974121,1.164
20220601,137628,r3,A,2.667532761326599,1.681
20220601,137628,r3,B,3.113696591615967,1.625
20220601,137628,r3,C,2.341160859543536,1.477
20220601,137628,r3,D,2.268794424909795,1.492
20220601,137628,z3,A,2.801492554455534,1.445
20220601,137628,z3,B,2.620502744810868,1.481
20220601,137628,z3,C,3.099193196874017,1.697
20220601,137628,z3,D,3.122144271509393,1.682
20220601,137628,b4,A,3.956127359434867,1.068
20220601,137628,b4,B,3.052315545356858,1.088
20220601,137628,b4,C,3.428606049572814,1.076
20220601,137628,b4,D,2.963502382279413,1.083
20220601,137628,r4,A,2.966316179948486,1.652
20220601,137628,r4,B,2.905731237951055,1.572
20220601,137628,r4,C,2.575400009699808,1.519
20220601,137628,r4,D,2.483624536269052,1.446
20220601,137628,z4,A,2.578009385937411,1.64
20220601,137628,z4,B,2.448738967236754,1.631
20220601,137628,z4,C,2.641952223868268,1.665
20220601,137628,z4,D,2.312555896498711,1.509
20220601,137628,b5,A,4.072730801323825,1.122
20220601,137628,b5,B,3.038990603394857,1.127
20220601,137628,b5,C,4.423001366329224,1.162
20220601,137628,b5,D,3.092393222397003,1.132
20220601,137628,r5,A,3.175107994400496,1.684
20220601,137628,r5,B,3.078272979389032,1.655
20220601,137628,r5,C,2.846315673923909,1.467
20220601,137628,r5,D,2.695726011832617,1.509
20220601,137628,z5,A,2.431258838296252,1.572
20220601,137628,z5,B,2.212033272726627,1.511
20220601,137628,z5,C,2.63187476856491,1.72
20220601,137628,z5,D,2.505091503881942,1.658
20220601,137628,b6,A,3.881131243172816,1.29
20220601,137628,b6,B,3.26744177823444,1.284
20220601,137628,b6,C,3.216151892085279,1.292
20220601,137628,b6,D,3.174343058771103,1.295
20220601,137628,r6,A,2.691619925703313,1.704
20220601,137628,r6,B,3.110047330897634,1.665
20220601,137628,r6,C,2.389584149033461,1.491
20220601,137628,r6,D,2.309699172056434,1.531
20220601,137628,z6,A,2.181656784128557,1.387
20220601,137628,z6,B,2.286087357102575,1.518
20220601,137628,z6,C,2.385484283996284,1.534
20220601,137628,z6,D,2.442480510181074,1.554
20220601,137628,b7,A,3.289139320883817,1.117
20220601,137628,b7,B,2.793696652853216,1.117
20220601,137628,b7,C,3.202060154333179,1.127
20220601,137628,b7,D,2.827207745096757,1.128
20220601,137628,r7,A,2.604966873505329,1.666
20220601,137628,r7,B,2.515344964135734,1.67
20220601,137628,r7,C,2.206678187919478,1.444
20220601,137628,r7,D,2.272277839251184,1.505
20220601,137628,z7,A,2.376237184140188,1.533
20220601,137628,z7,B,2.399694917866684,1.53
20220601,137628,z7,C,2.669872492372289,1.667
20220601,137628,z7,D,2.509435989036237,1.547
20220601,137628,b8,A,3.62365948959507,1.091
20220601,137628,b8,B,2.91913723748428,1.121
20220601,137628,b8,C,3.182964973821283,1.141
20220601,137628,b8,D,3.042589577212742,1.135
20220601,137628,r8,A,2.677144686736979,1.627
20220601,137628,r8,B,2.230289850144725,1.482
20220601,137628,r8,C,2.595542218949558,1.581
20220601,137628,r8,D,2.580337303864196,1.589
20220601,137628,z8,A,2.499772916525836,1.466
20220601,137628,z8,B,2.234015959841255,1.498
20220601,137628,z8,C,2.61295760396081,1.655
20220601,137628,z8,D,2.570800127672899,1.658
20220601,137628,b9,A,3.605085079421398,1.106
20220601,137628,b9,B,2.746398840015718,1.083
20220601,137628,b9,C,3.170737293511649,1.115
20220601,137628,b9,D,3.153284294835357,1.12
20220601,137628,r9,A,2.640928749976862,1.591
20220601,137628,r9,B,2.189175784594477,1.412
20220601,137628,r9,C,2.929650403890664,1.543
20220601,137628,r9,D,2.144800868337099,1.406
20220601,137628,z9,A,2.337657291178065,1.436
20220601,137628,z9,B,2.391325334637958,1.496
20220601,137628,z9,C,2.613344295402853,1.625
20220601,137628,z9,D,2.412462665051657,1.531
20220602,137853,b0,A,4.129409603097081,1.133
20220602,137853,b0,B,3.039800534063255,1.117
20220602,137853,b0,C,3.586040697607348,1.122
20220602,137853,b0,D,3.784019186184428,1.122
20220602,137853,r0,A,2.768386281658334,1.655
20220602,137853,r0,B,2.533742989601696,1.488
20220602,137853,r0,C,2.713129614348603,1.583
20220602,137853,r0,D,2.430083921466103,1.507
20220602,137853,z0,A,2.628871235992844,1.614
20220602,137853,z0,B,2.313456470460711,1.519
20220602,137853,z0,C,2.653164965025511,1.673
20220602,137853,z0,D,2.352176621259351,1.491
20220602,137853,b1,A,4.603154234266183,1.308
20220602,137853,b1,B,3.182302753339784,1.286
20220602,137853,b1,C,4.062418132961098,1.288
20220602,137853,b1,D,3.251112438615712,1.304
20220602,137853,r1,A,2.926682398229702,1.626
20220602,137853,r1,B,2.820314147398938,1.611
20220602,137853,r1,C,2.70821051439364,1.403
20220602,137853,r1,D,2.620784473171649,1.436
20220602,137853,z1,A,2.612246796789622,1.439
20220602,137853,z1,B,2.417044914274455,1.484
20220602,137853,z1,C,3.681068731601748,1.603
20220602,137853,z1,D,2.571742353363463,1.49
20220602,137853,b2,A,3.573529285576446,1.119
20220602,137853,b2,B,3.122371735806984,1.12
20220602,137853,b2,C,3.124025015473875,1.118
20220602,137853,b2,D,3.027265465495494,1.114
20220602,137853,r2,A,2.669344193105475,1.653
20220602,137853,r2,B,4.513295621365462,1.594
20220602,137853,r2,C,2.453495667181142,1.509
20220602,137853,r2,D,2.462119772380647,1.47
20220602,137853,z2,A,2.278332160480255,1.432
20220602,137853,z2,B,2.249628009718841,1.494
20220602,137853,z2,C,2.661943151353588,1.593
20220602,137853,z2,D,2.324578454016456,1.524
20220602,137853,b3,A,3.757365473907147,1.145
20220602,137853,b3,B,2.930329637185799,1.132
20220602,137853,b3,C,3.590870844494315,1.159
20220602,137853,b3,D,3.02246862940589,1.164
20220602,137853,r3,A,2.665485499589246,1.681
20220602,137853,r3,B,3.165238393169324,1.625
20220602,137853,r3,C,2.333237833901737,1.477
20220602,137853,r3,D,2.276287526796319,1.492
20220602,137853,z3,A,2.778931942686625,1.445
20220602,137853,z3,B,2.625704350953074,1.481
20220602,137853,z3,C,3.097007748293694,1.697
20220602,137853,z3,D,3.131470587924663,1.682
20220602,137853,b4,A,4.006655986334904,1.068
20220602,137853,b4,B,3.024070113194575,1.088
20220602,137853,b4,C,3.419518599589823,1.076
20220602,137853,b4,D,2.961491175377833,1.083
20220602,137853,r4,A,2.942582239246474,1.652
20220602,137853,r4,B,2.916815550429896,1.572
20220602,137853,r4,C,2.568358783567649,1.519
20220602,137853,r4,D,2.479136531100706,1.446
20220602,137853,z4,A,2.578377712669252,1.64
20220602,137853,z4,B,2.442940398807386,1.631
20220602,137853,z4,C,2.665483856815255,1.665
20220602,137853,z4,D,2.309308668592676,1.509
20220602,137853,b5,A,4.055209998591911,1.122
20220602,137853,b5,B,3.040077637631338,1.127
20220602,137853,b5,C,4.389441625259503,1.162
20220602,137853,b5,D,3.072774776237923,1.132
20220602,137853,r5,A,3.167010646750982,1.684
20220602,137853,r5,B,3.077806075577466,1.655
20220602,137853,r5,C,2.868004992699202,1.467
20220602,137853,r5,D,2.711628600562775,1.509
20220602,137853,z5,A,2.427302345998906,1.572
20220602,137853,z5,B,2.217047976538557,1.511
20220602,137853,z5,C,2.640284446502467,1.72
20220602,137853,z5,D,2.512865600441431,1.658
20220602,137853,b6,A,3.89529339477484,1.29
20220602,137853,b6,B,3.284216275597338,1.284
20220602,137853,b6,C,3.18000749182242,1.292
20220602,137853,b6,D,3.167340652305676,1.295
20220602,137853,r6,A,2.687786473987942,1.704
20220602,137853,r6,B,3.1327921077924,1.665
20220602,137853,r6,C,2.391488216935664,1.491
20220602,137853,r6,D,2.302928330314209,1.531
20220602,137853,z6,A,2.174051797629483,1.387
20220602,137853,z6,B,2.285800546570115,1.518
20220602,137853,z6,C,2.376970256373399,1.534
20220602,137853,z6,D,2.439325778885272,1.554
20220602,137853,b7,A,3.271525873069463,1.117
20220602,137853,b7,B,2.775906502175458,1.117
20220602,137853,b7,C,3.15561291606491,1.127
20220602,137853,b7,D,2.802506056203899,1.128
20220602,137853,r7,A,2.620462939783927,1.666
20220602,137853,r7,B,2.53042775007266,1.67
20220602,137853,r7,C,2.2148525209605,1.444
20220602,137853,r7,D,2.273226524203646,1.505
20220602,137853,z7,A,2.369549827659723,1.533
20220602,137853,z7,B,2.475664557379182,1.53
20220602,137853,z7,C,2.676661902994673,1.667
20220602,137853,z7,D,2.510203190244729,1.547
20220602,137853,b8,A,3.616890691580218,1.091
20220602,137853,b8,B,2.96813323736266,1.121
20220602,137853,b8,C,3.196883836238721,1.141
20220602,137853,b8,D,3.09951673358553,1.135
20220602,137853,r8,A,2.686443337136548,1.627
20220602,137853,r8,B,2.228992730798892,1.482
20220602,137853,r8,C,2.599067169382411,1.581
20220602,137853,r8,D,2.58719018711754,1.589
20220602,137853,z8,A,2.498562189213856,1.466
20220602,137853,z8,B,2.231287230528967,1.498
20220602,137853,z8,C,2.604617936355962,1.655
20220602,137853,z8,D,2.558920191008147,1.658
20220602,137853,b9,A,3.582545973456477,1.106
20220602,137853,b9,B,2.750933211263511,1.083
20220602,137853,b9,C,3.132999748273737,1.115
20220602,137853,b9,D,3.10855237317302,1.12
20220602,137853,r9,A,2.637648955925446,1.591
20220602,137853,r9,B,2.180696241559422,1.412
20220602,137853,r9,C,2.933537130767735,1.543
20220602,137853,r9,D,2.147736767699246,1.406
20220602,137853,z9,A,2.327395369825698,1.436
20220602,137853,z9,B,2.357118803705785,1.496
20220602,137853,z9,C,2.657735542857284,1.625
20220602,137853,z9,D,2.418784740188185,1.531
20220603,137941,b0,A,4.118299761040594,1.133
20220603,137941,b0,B,3.026839564066461,1.117
20220603,137941,b0,C,3.568225352770613,1.122
20220603,137941,b0,D,3.752316144232798,1.122
20220603,137941,r0,A,2.781797420220152,1.655
20220603,137941,r0,B,2.52238627769651,1.488
20220603,137941,r0,C,2.703695649498295,1.583
20220603,137941,r0,D,2.423046554097634,1.507
20220603,137941,z0,A,2.622416047309048,1.614
20220603,137941,z0,B,2.311094759480155,1.519
20220603,137941,z0,C,2.648896520373877,1.673
20220603,137941,z0,D,2.353428755587584,1.491
20220603,137941,b1,A,4.621955366404487,1.308
20220603,137941,b1,B,3.217922058767619,1.286
20220603,137941,b1,C,4.0303448704186,1.288
20220603,137941,b1,D,3.248566476945032,1.304
20220603,137941,r1,A,2.924597663786877,1.626
20220603,137941,r1,B,2.810874039393719,1.611
20220603,137941,r1,C,2.696759282087148,1.403
20220603,137941,r1,D,2.614217194495708,1.436
20220603,137941,z1,A,2.607097095500132,1.439
20220603,137941,z1,B,2.409827151777615,1.484
20220603,137941,z1,C,3.675399973849312,1.603
20220603,137941,z1,D,2.568269039784247,1.49
20220603,137941,b2,A,3.564968556045674,1.119
20220603,137941,b2,B,3.094001699035042,1.12
20220603,137941,b2,C,3.114115742986494,1.118
20220603,137941,b2,D,3.00965525347105,1.114
20220603,137941,r2,A,2.672021087277725,1.653
20220603,137941,r2,B,4.493691900553909,1.594
20220603,137941,r2,C,2.448452676627808,1.509
20220603,137941,r2,D,2.456562137706642,1.47
20220603,137941,z2,A,2.275006043373283,1.432
20220603,137941,z2,B,2.217309330408586,1.494
20220603,137941,z2,C,2.66800427188612,1.593
20220603,137941,z2,D,2.33354917859038,1.524
20220603,137941,b3,A,3.721002164092154,1.145
20220603,137941,b3,B,2.930870094815703,1.132
20220603,137941,b3,C,3.207195388413703,1.159
20220603,137941,b3,D,3.021690047866128,1.164
20220603,137941,r3,A,2.659830414667455,1.681
20220603,137941,r3,B,3.112367071232197,1.625
20220603,137941,r3,C,2.335632587554999,1.477
20220603,137941,r3,D,2.266393437437796,1.492
20220603,137941,z3,A,2.785413003832212,1.445
20220603,137941,z3,B,2.608522344143476,1.481
20220603,137941,z3,C,3.090854997374495,1.697
20220603,137941,z3,D,3.123577116783963,1.682
20220603,137941,b4,A,3.949695956766563,1.068
20220603,137941,b4,B,3.034695026329976,1.088
20220603,137941,b4,C,3.420563260103314,1.076
20220603,137941,b4,D,2.948578462785688,1.083
20220603,137941,r4,A,2.935665489057113,1.652
20220603,137941,r4,B,2.910203289168322,1.572
20220603,137941,r4,C,2.569293180634091,1.519
20220603,137941,r4,D,2.486090910889846,1.446
20220603,137941,z4,A,2.562723404423717,1.64
20220603,137941,z4,B,2.440833001885197,1.631
20220603,137941,z4,C,2.66568258829537,1.665
20220603,137941,z4,D,2.310047259870083,1.509
20220603,137941,b5,A,3.992971432743214,1.122
20220603,137941,b5,B,2.984645057878508,1.127
20220603,137941,b5,C,4.319561804720449,1.162
20220603,137941,b5,D,3.037368114919207,1.132
20220603,137941,r5,A,3.172965974269774,1.684
20220603,137941,r5,B,3.084447580066047,1.655
20220603,137941,r5,C,2.854245080078871,1.467
20220603,137941,r5,D,2.683484473510831,1.509
20220603,137941,z5,A,2.424825591596975,1.572
20220603,137941,z5,B,2.20528781323628,1.511
20220603,137941,z5,C,2.628547217024572,1.72
20220603,137941,z5,D,2.503662934757214,1.658
20220603,137941,b6,A,3.879736668351356,1.29
20220603,137941,b6,B,3.264187724661888,1.284
20220603,137941,b6,C,3.16533334825934,1.292
20220603,137941,b6,D,3.151067323389811,1.295
20220603,137941,r6,A,2.68558125396539,1.704
20220603,137941,r6,B,3.116643851314684,1.665
20220603,137941,r6,C,2.38064443905778,1.491
20220603,137941,r6,D,2.290069062402103,1.531
20220603,137941,z6,A,2.183724799780766,1.387
20220603,137941,z6,B,2.28088396336812,1.518
20220603,137941,z6,C,2.380904226408944,1.534
20220603,137941,z6,D,2.418729015452673,1.554
20220603,137941,b7,A,3.282720645522403,1.117
20220603,137941,b7,B,2.791238671453522,1.117
20220603,137941,b7,C,3.197377508106849,1.127
20220603,137941,b7,D,2.818675216411335,1.128
20220603,137941,r7,A,2.605600850644138,1.666
20220603,137941,r7,B,2.520328678712752,1.67
20220603,137941,r7,C,2.19949368189391,1.444
20220603,137941,r7,D,2.268735419574889,1.505
20220603,137941,z7,A,2.358552399027517,1.533
20220603,137941,z7,B,2.398175618261567,1.53
20220603,137941,z7,C,2.655018109160566,1.667
20220603,137941,z7,D,2.499653221951599,1.547
20220603,137941,b8,A,3.606717289259247,1.091
20220603,137941,b8,B,2.892626532016988,1.121
20220603,137941,b8,C,3.159933144121654,1.141
20220603,137941,b8,D,3.023838603439254,1.135
20220603,137941,r8,A,2.659771878148431,1.627
20220603,137941,r8,B,2.229780839931526,1.482
20220603,137941,r8,C,2.594139910419593,1.581
20220603,137941,r8,D,2.565446705597977,1.589
20220603,137941,z8,A,2.489691161033681,1.466
20220603,137941,z8,B,2.218757310963678,1.498
20220603,137941,z8,C,2.60936220228332,1.655
20220603,137941,z8,D,2.563038652825133,1.658
20220603,137941,b9,A,3.536242135861016,1.106
20220603,137941,b9,B,2.734019928732421,1.083
20220603,137941,b9,C,3.064933612035335,1.115
20220603,137941,b9,D,3.045730238639937,1.12
20220603,137941,r9,A,2.6407227450281,1.591
20220603,137941,r9,B,2.182373650193253,1.412
20220603,137941,r9,C,2.917094994608225,1.543
20220603,137941,r9,D,2.144411089937523,1.406
20220603,137941,z9,A,2.321358005897123,1.436
20220603,137941,z9,B,2.358537735310732,1.496
20220603,137941,z9,C,2.652824402580724,1.625
20220603,137941,z9,D,2.414242065669132,1.531
20220604,138083,b0,A,4.111302467986417,1.133
20220604,138083,b0,B,3.017172454956211,1.117
20220604,138083,b0,C,3.580161182961025,1.122
20220604,138083,b0,D,3.747649616499503,1.122
20220604,138083,r0,A,2.767842293196123,1.655
20220604,138083,r0,B,2.528405643110248,1.488
20220604,138083,r0,C,2.702120737984669,1.583
20220604,138083,r0,D,2.431431681733561,1.507
20220604,138083,z0,A,2.634066667927908,1.614
20220604,138083,z0,B,2.301441143676155,1.519
20220604,138083,z0,C,2.652908552384522,1.673
20220604,138083,z0,D,2.350349231468669,1.491
20220604,138083,b1,A,4.694885298469777,1.308
20220604,138083,b1,B,3.263067898176706,1.286
20220604,138083,b1,C,4.029706276400319,1.288
20220604,138083,b1,D,3.260900413840962,1.304
20220604,138083,r1,A,2.938177450763538,1.626
20220604,138083,r1,B,2.819202183520526,1.611
20220604,138083,r1,C,2.730520187538148,1.403
20220604,138083,r1,D,2.618004120366298,1.436
20220604,138083,z1,A,2.612590513906731,1.439
20220604,138083,z1,B,2.410031369720552,1.484
20220604,138083,z1,C,3.688802080891234,1.603
20220604,138083,z1,D,2.576267924987466,1.49
20220604,138083,b2,A,3.547969986805306,1.119
20220604,138083,b2,B,3.075438987420236,1.12
20220604,138083,b2,C,3.118712260266458,1.118
20220604,138083,b2,D,3.027959851546087,1.114
20220604,138083,r2,A,2.664326264585239,1.653
20220604,138083,r2,B,4.505018874842545,1.594
20220604,138083,r2,C,2.450174743748141,1.509
20220604,138083,r2,D,2.459343997174991,1.47
20220604,138083,z2,A,2.283528540610431,1.432
20220604,138083,z2,B,2.236731568854329,1.494
20220604,138083,z2,C,2.663905661192996,1.593
20220604,138083,z2,D,2.332624749843132,1.524
20220604,138083,b3,A,3.750892913740647,1.145
20220604,138083,b3,B,2.942303977926022,1.132
20220604,138083,b3,C,3.516007662215875,1.159
20220604,138083,b3,D,3.013749700299138,1.164
20220604,138083,r3,A,2.671620595496037,1.681
20220604,138083,r3,B,3.113990957685903,1.625
20220604,138083,r3,C,2.338696909695797,1.477
20220604,138083,r3,D,2.273972910473472,1.492
20220604,138083,z3,A,2.788212889081675,1.445
20220604,138083,z3,B,2.616633469108244,1.481
20220604,138083,z3,C,3.100995150807666,1.697
20220604,138083,z3,D,3.12619633145421,1.682
20220604,138083,b4,A,4.02633334714642,1.068
20220604,138083,b4,B,3.025504657954365,1.088
20220604,138083,b4,C,3.443639186581794,1.076
20220604,138083,b4,D,2.962805899714442,1.083
20220604,138083,r4,A,2.945891804705102,1.652
20220604,138083,r4,B,2.928456677713918,1.572
20220604,138083,r4,C,2.566386873299534,1.519
20220604,138083,r4,D,2.475594577536524,1.446
20220604,138083,z4,A,2.570358667142597,1.64
20220604,138083,z4,B,2.447030719479525,1.631
20220604,138083,z4,C,2.660941391242974,1.665
20220604,138083,z4,D,2.315724517660317,1.509
20220604,138083,b5,A,4.156773234545562,1.122
20220604,138083,b5,B,3.157472235692896,1.127
20220604,138083,b5,C,4.478132794575107,1.162
20220604,138083,b5,D,3.138927651909628,1.132
20220604,138083,r5,A,3.182220225416399,1.684
20220604,138083,r5,B,3.098366937541646,1.655
20220604,138083,r5,C,2.85728829374598,1.467
20220604,138083,r5,D,2.692722316960571,1.509
20220604,138083,z5,A,2.42661816220582,1.572
20220604,138083,z5,B,2.205923836581143,1.511
20220604,138083,z5,C,2.653049267184358,1.72
20220604,138083,z5,D,2.506668705038425,1.658
20220604,138083,b6,A,3.90041879946237,1.29
20220604,138083,b6,B,3.286413184601114,1.284
20220604,138083,b6,C,3.137322120826348,1.292
20220604,138083,b6,D,3.158824380576923,1.295
20220604,138083,r6,A,2.691117586758238,1.704
20220604,138083,r6,B,3.122472009492983,1.665
20220604,138083,r6,C,2.392737333370207,1.491
20220604,138083,r6,D,2.301270096892859,1.531
20220604,138083,z6,A,2.179763214355626,1.387
20220604,138083,z6,B,2.287960804213226,1.518
20220604,138083,z6,C,2.384506431287325,1.534
20220604,138083,z6,D,2.429980612138618,1.554
20220604,138083,b7,A,3.319116961214057,1.117
20220604,138083,b7,B,2.810929723716339,1.117
20220604,138083,b7,C,3.281829038606189,1.127
20220604,138083,b7,D,2.887420514252161,1.128
20220604,138083,r7,A,2.609232485553016,1.666
20220604,138083,r7,B,2.528866315173898,1.67
20220604,138083,r7,C,2.210863604725622,1.444
20220604,138083,r7,D,2.274684158997252,1.505
20220604,138083,z7,A,2.369475565969421,1.533
20220604,138083,z7,B,2.480162925901134,1.53
20220604,138083,z7,C,2.676983310693784,1.667
20220604,138083,z7,D,2.506028755662009,1.547
20220604,138083,b8,A,3.599578889645452,1.091
20220604,138083,b8,B,2.893819337771113,1.121
20220604,138083,b8,C,3.169770283779018,1.141
20220604,138083,b8,D,3.024024237286019,1.135
20220604,138083,r8,A,2.685067598529581,1.627
20220604,138083,r8,B,2.240001570880731,1.482
20220604,138083,r8,C,2.600301201122507,1.581
20220604,138083,r8,D,2.594321318873201,1.589
20220604,138083,z8,A,2.493302706948348,1.466
20220604,138083,z8,B,2.227912662944713,1.498
20220604,138083,z8,C,2.614534276334892,1.655
20220604,138083,z8,D,2.572537273459144,1.658
20220604,138083,b9,A,3.55320250950918,1.106
20220604,138083,b9,B,2.755739549094047,1.083
20220604,138083,b9,C,3.079055509559932,1.115
20220604,138083,b9,D,3.039850821702815,1.12
20220604,138083,r9,A,2.647195961486395,1.591
20220604,138083,r9,B,2.187383369378626,1.412
20220604,138083,r9,C,2.907986533217662,1.543
20220604,138083,r9,D,2.147146791955044,1.406
20220604,138083,z9,A,2.321406930312619,1.436
20220604,138083,z9,B,2.345540313358196,1.496
20220604,138083,z9,C,2.663573708026592,1.625
20220604,138083,z9,D,2.423647703541762,1.531
20220605,138209,b0,A,4.101250715448,1.133
20220605,138209,b0,B,3.038775397398692,1.117
20220605,138209,b0,C,3.591041415452664,1.122
20220605,138209,b0,D,3.765480418058849,1.122
20220605,138209,r0,A,2.766065848404423,1.655
20220605,138209,r0,B,2.518120435595816,1.488
20220605,138209,r0,C,2.709378662257607,1.583
20220605,138209,r0,D,2.435119697391466,1.507
20220605,138209,z0,A,2.61970162134803,1.614
20220605,138209,z0,B,2.309514188910113,1.519
20220605,138209,z0,C,2.650039649720124,1.673
20220605,138209,z0,D,2.353908983253144,1.491
20220605,138209,b1,A,4.633566554479362,1.308
20220605,138209,b1,B,3.228056005320174,1.286
20220605,138209,b1,C,4.095376247563211,1.288
20220605,138209,b1,D,3.275304475513742,1.304
20220605,138209,r1,A,2.929186018183787,1.626
20220605,138209,r1,B,2.829242636228715,1.611
20220605,138209,r1,C,2.701999591029931,1.403
20220605,138209,r1,D,2.627320860467486,1.436
20220605,138209,z1,A,2.616026442757602,1.439
20220605,138209,z1,B,2.411287651583687,1.484
20220605,138209,z1,C,3.685818016295078,1.603
20220605,138209,z1,D,2.57622592702309,1.49
20220605,138209,b2,A,3.554327359365307,1.119
20220605,138209,b2,B,3.11403861966908,1.12
20220605,138209,b2,C,3.145377155003909,1.118
20220605,138209,b2,D,3.054671617345577,1.114
20220605,138209,r2,A,2.674302509830518,1.653
20220605,138209,r2,B,4.502476674792494,1.594
20220605,138209,r2,C,2.455432568233308,1.509
20220605,138209,r2,D,2.462517107766001,1.47
20220605,138209,z2,A,2.281165232601862,1.432
20220605,138209,z2,B,2.238277690378518,1.494
20220605,138209,z2,C,2.669198667384075,1.593
20220605,138209,z2,D,2.321585309169427,1.524
20220605,138209,b3,A,3.668214990403777,1.145
20220605,138209,b3,B,2.929688495121353,1.132
20220605,138209,b3,C,3.594298416700615,1.159
20220605,138209,b3,D,3.025700283578269,1.164
20220605,138209,r3,A,2.676886962793389,1.681
20220605,138209,r3,B,3.13005746167878,1.625
20220605,138209,r3,C,2.33614406400196,1.477
20220605,138209,r3,D,2.275178841593334,1.492
20220605,138209,z3,A,2.790787367070517,1.445
20220605,138209,z3,B,2.61348428147128,1.481
20220605,138209,z3,C,3.102114461420568,1.697
20220605,138209,z3,D,3.127578548517958,1.682
20220605,138209,b4,A,4.040092196483651,1.068
20220605,138209,b4,B,3.035194775176721,1.088
20220605,138209,b4,C,3.448659870952036,1.076
20220605,138209,b4,D,2.960851693356075,1.083
20220605,138209,r4,A,2.948381960047566,1.652
20220605,138209,r4,B,2.935851878406037,1.572
20220605,138209,r4,C,2.570796844551044,1.519
20220605,138209,r4,D,2.477762478055837,1.446
20220605,138209,z4,A,2.576313365696615,1.64
20220605,138209,z4,B,2.441257607973283,1.631
20220605,138209,z4,C,2.679489569001964,1.665
20220605,138209,z4,D,2.313710869189761,1.509
20220605,138209,b5,A,4.045537518927169,1.122
20220605,138209,b5,B,3.041070990555346,1.127
20220605,138209,b5,C,4.362081720063989,1.162
20220605,138209,b5,D,3.060885911012972,1.132
20220605,138209,r5,A,3.173949105174718,1.684
20220605,138209,r5,B,3.090624649856771,1.655
20220605,138209,r5,C,2.873918643820867,1.467
20220605,138209,r5,D,2.69218735382232,1.509
20220605,138209,z5,A,2.428511883451034,1.572
20220605,138209,z5,B,2.204284968846792,1.511
20220605,138209,z5,C,2.634931748282809,1.72
20220605,138209,z5,D,2.505957696975654,1.658
20220605,138209,b6,A,3.881694840928298,1.29
20220605,138209,b6,B,3.276677045906752,1.284
20220605,138209,b6,C,3.14539381550775,1.292
20220605,138209,b6,D,3.153892706934318,1.295
20220605,138209,r6,A,2.696491926092264,1.704
20220605,138209,r6,B,3.120945135448766,1.665
20220605,138209,r6,C,2.388159643631026,1.491
20220605,138209,r6,D,2.297354341199384,1.531
20220605,138209,z6,A,2.186105174791655,1.387
20220605,138209,z6,B,2.282063945714125,1.518
20220605,138209,z6,C,2.378637059734112,1.534
20220605,138209,z6,D,2.421229196122608,1.554
20220605,138209,b7,A,3.306428124086507,1.117
20220605,138209,b7,B,2.799800534064242,1.117
20220605,138209,b7,C,3.24438815612291,1.127
20220605,138209,b7,D,2.850975363385862,1.128
20220605,138209,r7,A,2.613587955649176,1.666
20220605,138209,r7,B,2.524802114040404,1.67
20220605,138209,r7,C,2.199074154662659,1.444
20220605,138209,r7,D,2.268251446313536,1.505
20220605,138209,z7,A,2.379245005836868,1.533
20220605,138209,z7,B,2.483625677402541,1.53
20220605,138209,z7,C,2.669751887446919,1.667
20220605,138209,z7,D,2.516365037663146,1.547
20220605,138209,b8,A,3.611291007630864,1.091
20220605,138209,b8,B,2.928813662265741,1.121
20220605,138209,b8,C,3.189149668279783,1.141
20220605,138209,b8,D,3.066192761358634,1.135
20220605,138209,r8,A,2.673338975434312,1.627
20220605,138209,r8,B,2.232728636791181,1.482
20220605,138209,r8,C,2.603468866432963,1.581
20220605,138209,r8,D,2.592422677934743,1.589
20220605,138209,z8,A,2.496126951128686,1.466
20220605,138209,z8,B,2.230823733221699,1.498
20220605,138209,z8,C,2.622064097858517,1.655
20220605,138209,z8,D,2.576420168470269,1.658
20220605,138209,b9,A,3.562950223484692,1.106
20220605,138209,b9,B,2.738694441217248,1.083
20220605,138209,b9,C,3.094831275261033,1.115
20220605,138209,b9,D,3.064186431128365,1.12
20220605,138209,r9,A,2.65303088479679,1.591
20220605,138209,r9,B,2.176382403277918,1.412
20220605,138209,r9,C,2.91123341591223,1.543
20220605,138209,r9,D,2.150764709461212,1.406
20220605,138209,z9,A,2.327309441519803,1.436
20220605,138209,z9,B,2.30049786153797,1.496
20220605,138209,z9,C,2.656963195453074,1.625
20220605,138209,z9,D,2.416541378563103,1.531
20220606,138338,b0,A,4.088692412750725,1.133
20220606,138338,b0,B,3.024850611219749,1.117
20220606,138338,b0,C,3.562527613161768,1.122
20220606,138338,b0,D,3.829494461682755,1.122
20220606,138338,r0,A,2.769286514681082,1.655
20220606,138338,r0,B,2.528982358912821,1.488
20220606,138338,r0,C,2.713555586861738,1.583
20220606,138338,r0,D,2.432502259052257,1.507
20220606,138338,z0,A,2.627919592339156,1.614
20220606,138338,z0,B,2.31830838512723,1.519
20220606,138338,z0,C,2.646425583286897,1.673
20220606,138338,z0,D,2.345565842326855,1.491
20220606,138338,b1,A,4.705180135415903,1.308
20220606,138338,b1,B,3.182714188477094,1.286
20220606,138338,b1,C,4.074378325780323,1.288
20220606,138338,b1,D,3.241539609796495,1.304
20220606,138338,r1,A,2.937478491757083,1.626
20220606,138338,r1,B,2.819237427392008,1.611
20220606,138338,r1,C,2.701277183541132,1.403
20220606,138338,r1,D,2.619898003122477,1.436
20220606,138338,z1,A,2.615090039826029,1.439
20220606,138338,z1,B,2.415541032874889,1.484
20220606,138338,z1,C,3.693949009393995,1.603
20220606,138338,z1,D,2.571251814623424,1.49
20220606,138338,b2,A,3.60731450030688,1.119
20220606,138338,b2,B,3.065963460808253,1.12
20220606,138338,b2,C,3.127712710259482,1.118
20220606,138338,b2,D,2.970046913915542,1.114
20220606,138338,r2,A,2.676467656444975,1.653
20220606,138338,r2,B,4.499531744185219,1.594
20220606,138338,r2,C,2.449196514268971,1.509
20220606,138338,r2,D,2.45584554792652,1.47
20220606,138338,z2,A,2.280515033966406,1.432
20220606,138338,z2,B,2.250994637053593,1.494
20220606,138338,z2,C,2.676255494284714,1.593
20220606,138338,z2,D,2.333587485048457,1.524
20220606,138338,b3,A,3.727027517458816,1.145
20220606,138338,b3,B,2.942381402553893,1.132
20220606,138338,b3,C,3.082541355634181,1.159
20220606,138338,b3,D,3.011083686205986,1.164
20220606,138338,r3,A,2.662271932150707,1.681
20220606,138338,r3,B,3.121984379385072,1.625
20220606,138338,r3,C,2.329000110809699,1.477
20220606,138338,r3,D,2.271873920592174,1.492
20220606,138338,z3,A,2.777830886154169,1.445
20220606,138338,z3,B,2.610217582259423,1.481
20220606,138338,z3,C,3.095930328268906,1.697
20220606,138338,z3,D,3.130733510913199,1.682
20220606,138338,b4,A,3.991420383354327,1.068
20220606,138338,b4,B,3.043592039903725,1.088
20220606,138338,b4,C,3.457516643934486,1.076
20220606,138338,b4,D,2.979811536775542,1.083
20220606,138338,r4,A,2.947095490670927,1.652
20220606,138338,r4,B,2.929210361128046,1.572
20220606,138338,r4,C,2.573858744449007,1.519
20220606,138338,r4,D,2.482177664067457,1.446
20220606,138338,z4,A,2.574249817423318,1.64
20220606,138338,z4,B,2.448961171224654,1.631
20220606,138338,z4,C,2.655927019919369,1.665
20220606,138338,z4,D,2.316428969621156,1.509
20220606,138338,b5,A,4.060265233500356,1.122
20220606,138338,b5,B,3.034021552779733,1.127
20220606,138338,b5,C,4.391453030847007,1.162
20220606,138338,b5,D,3.086582089525369,1.132
20220606,138338,r5,A,3.179147067721428,1.684
20220606,138338,r5,B,3.092250667381932,1.655
20220606,138338,r5,C,2.85667661096193,1.467
20220606,138338,r5,D,2.701371109873064,1.509
20220606,138338,z5,A,2.430090461259935,1.572
20220606,138338,z5,B,2.217110562313041,1.511
20220606,138338,z5,C,2.646671143311706,1.72
20220606,138338,z5,D,2.505520751331828,1.658
20220606,138338,b6,A,3.848988532715397,1.29
20220606,138338,b6,B,3.281878450682347,1.284
20220606,138338,b6,C,3.243938090098895,1.292
20220606,138338,b6,D,3.170054396312772,1.295
20220606,138338,r6,A,2.687678846431991,1.704
20220606,138338,r6,B,3.11668456198968,1.665
20220606,138338,r6,C,2.392389942064935,1.491
20220606,138338,r6,D,2.300867681777482,1.531
20220606,138338,z6,A,2.181526702005936,1.387
20220606,138338,z6,B,2.289503641602114,1.518
20220606,138338,z6,C,2.38244981119619,1.534
20220606,138338,z6,D,2.418648980970416,1.554
20220606,138338,b7,A,3.28465303338258,1.117
20220606,138338,b7,B,2.799850275071561,1.117
20220606,138338,b7,C,3.212147004193247,1.127
20220606,138338,b7,D,2.836202304383054,1.128
20220606,138338,r7,A,2.607193473732626,1.666
20220606,138338,r7,B,2.531252399223079,1.67
20220606,138338,r7,C,2.20128211262117,1.444
20220606,138338,r7,D,2.273108110399216,1.505
20220606,138338,z7,A,2.37667868621809,1.533
20220606,138338,z7,B,2.470748834646923,1.53
20220606,138338,z7,C,2.667781410323286,1.667
20220606,138338,z7,D,2.522616907927454,1.547
20220606,138338,b8,A,3.621766382753687,1.091
20220606,138338,b8,B,2.923302088195501,1.121
20220606,138338,b8,C,3.18698404001987,1.141
20220606,138338,b8,D,3.031712654129248,1.135
20220606,138338,r8,A,2.676224129947085,1.627
20220606,138338,r8,B,2.231966784932075,1.482
20220606,138338,r8,C,2.597654690856358,1.581
20220606,138338,r8,D,2.583187740687762,1.589
20220606,138338,z8,A,2.495731247172548,1.466
20220606,138338,z8,B,2.227960685285304,1.498
20220606,138338,z8,C,2.620923462547589,1.655
20220606,138338,z8,D,2.579227927435124,1.658
20220606,138338,b9,A,3.523726704168474,1.106
20220606,138338,b9,B,2.751358464597675,1.083
20220606,138338,b9,C,3.05995576075499,1.115
20220606,138338,b9,D,3.115475874945451,1.12
20220606,138338,r9,A,2.645572269369489,1.591
20220606,138338,r9,B,2.187665927946633,1.412
20220606,138338,r9,C,2.917392162834575,1.543
20220606,138338,r9,D,2.146030980876938,1.406
20220606,138338,z9,A,2.324041972541478,1.436
20220606,138338,z9,B,2.363271039242985,1.496
20220606,138338,z9,C,2.668005128566676,1.625
20220606,138338,z9,D,2.430300068917927,1.531
20220607,138463,b0,A,4.012443384236829,1.133
20220607,138463,b0,B,3.024604718796708,1.117
20220607,138463,b0,C,3.542976385326798,1.122
20220607,138463,b0,D,3.852153376339928,1.122
20220607,138463,r0,A,2.76652386343177,1.655
20220607,138463,r0,B,2.526404600653581,1.488
20220607,138463,r0,C,2.709269435514974,1.583
20220607,138463,r0,D,2.438117956888922,1.507
20220607,138463,z0,A,2.624541365298771,1.614
20220607,138463,z0,B,2.308451734407693,1.519
20220607,138463,z0,C,2.643064385439585,1.673
20220607,138463,z0,D,2.343749537997317,1.491
20220607,138463,b1,A,4.801520846622247,1.308
20220607,138463,b1,B,3.186358236686269,1.286
20220607,138463,b1,C,4.105605132615395,1.288
20220607,138463,b1,D,3.249378938949993,1.304
20220607,138463,r1,A,2.926079463772028,1.626
20220607,138463,r1,B,2.824422068879441,1.611
20220607,138463,r1,C,2.697409395626249,1.403
20220607,138463,r1,D,2.619446747544167,1.436
20220607,138463,z1,A,2.617580991504261,1.439
20220607,138463,z1,B,2.415924174584666,1.484
20220607,138463,z1,C,3.695141357530839,1.603
20220607,138463,z1,D,2.577554831307237,1.49
20220607,138463,b2,A,3.553921640201589,1.119
20220607,138463,b2,B,3.162393514496767,1.12
20220607,138463,b2,C,3.130673171089152,1.118
20220607,138463,b2,D,3.033815686242743,1.114
20220607,138463,r2,A,2.673926387063105,1.653
20220607,138463,r2,B,4.488751159682026,1.594
20220607,138463,r2,C,2.451150150121966,1.509
20220607,138463,r2,D,2.462585168633302,1.47
20220607,138463,z2,A,2.2744313398394,1.432
20220607,138463,z2,B,2.244005216425326,1.494
20220607,138463,z2,C,2.677742932626897,1.593
20220607,138463,z2,D,2.320217505252417,1.524
20220607,138463,b3,A,3.654151099563637,1.145
20220607,138463,b3,B,2.939838290929736,1.132
20220607,138463,b3,C,3.378275771631199,1.159
20220607,138463,b3,D,3.001226403043795,1.164
20220607,138463,r3,A,2.666707034048955,1.681
20220607,138463,r3,B,3.151769712746017,1.625
20220607,138463,r3,C,2.330904012430797,1.477
20220607,138463,r3,D,2.281362994032126,1.492
20220607,138463,z3,A,2.787330188370887,1.445
20220607,138463,z3,B,2.617696600989367,1.481
20220607,138463,z3,C,3.097630869236167,1.697
20220607,138463,z3,D,3.132919253134684,1.682
20220607,138463,b4,A,4.006186418618192,1.068
20220607,138463,b4,B,3.02131021163992,1.088
20220607,138463,b4,C,3.417555712113102,1.076
20220607,138463,b4,D,2.988199643644569,1.083
20220607,138463,r4,A,2.949063263586545,1.652
20220607,138463,r4,B,2.910516716761237,1.572
20220607,138463,r4,C,2.569052888744652,1.519
20220607,138463,r4,D,2.488658224840256,1.446
20220607,138463,z4,A,2.569269979309434,1.64
20220607,138463,z4,B,2.444304845517897,1.631
20220607,138463,z4,C,2.585462870798821,1.665
20220607,138463,z4,D,2.319499336401195,1.509
20220607,138463,b5,A,4.018172932300415,1.122
20220607,138463,b5,B,2.999536688562022,1.127
20220607,138463,b5,C,4.35289657521523,1.162
20220607,138463,b5,D,3.067340633317952,1.132
20220607,138463,r5,A,3.184188991910388,1.684
20220607,138463,r5,B,3.088653165969539,1.655
20220607,138463,r5,C,2.858499845850853,1.467
20220607,138463,r5,D,2.684979357236256,1.509
20220607,138463,z5,A,2.430145519164345,1.572
20220607,138463,z5,B,2.210166742821965,1.511
20220607,138463,z5,C,2.641949998106883,1.72
20220607,138463,z5,D,2.504574708617301,1.658
20220607,138463,b6,A,3.870121657948634,1.29
20220607,138463,b6,B,3.286180522184721,1.284
20220607,138463,b6,C,3.229611474327733,1.292
20220607,138463,b6,D,3.160907622284287,1.295
20220607,138463,r6,A,2.691984267216606,1.704
20220607,138463,r6,B,3.112217727489059,1.665
20220607,138463,r6,C,2.388625022691377,1.491
20220607,138463,r6,D,2.311235523881128,1.531
20220607,138463,z6,A,2.184533971410282,1.387
20220607,138463,z6,B,2.283507438191822,1.518
20220607,138463,z6,C,2.389294985514965,1.534
20220607,138463,z6,D,2.419317016981194,1.554
20220607,138463,b7,A,3.269130325891735,1.117
20220607,138463,b7,B,2.790851339495488,1.117
20220607,138463,b7,C,3.206746803387847,1.127
20220607,138463,b7,D,2.816336212269942,1.128
20220607,138463,r7,A,2.603814126960328,1.666
20220607,138463,r7,B,2.531140076162588,1.67
20220607,138463,r7,C,2.205319271675197,1.444
20220607,138463,r7,D,2.271292371757873,1.505
20220607,138463,z7,A,2.375222243503095,1.533
20220607,138463,z7,B,2.480036117726686,1.53
20220607,138463,z7,C,2.664785650818052,1.667
20220607,138463,z7,D,2.513582336427738,1.547
20220607,138463,b8,A,3.620607566768688,1.091
20220607,138463,b8,B,2.930026105226359,1.121
20220607,138463,b8,C,3.186710069292842,1.141
20220607,138463,b8,D,3.042048862239497,1.135
20220607,138463,r8,A,2.665713481745368,1.627
20220607,138463,r8,B,2.231885916986832,1.482
20220607,138463,r8,C,2.59835025010488,1.581
20220607,138463,r8,D,2.589251791682313,1.589
20220607,138463,z8,A,2.496508463074766,1.466
20220607,138463,z8,B,2.215647037539769,1.498
20220607,138463,z8,C,2.622223478505871,1.655
20220607,138463,z8,D,2.567789122645495,1.658
20220607,138463,b9,A,3.479464909168821,1.106
20220607,138463,b9,B,2.750892265132182,1.083
20220607,138463,b9,C,2.990068991267868,1.115
20220607,138463,b9,D,3.062122744361429,1.12
20220607,138463,r9,A,2.644426459093856,1.591
20220607,138463,r9,B,2.180929214915199,1.412
20220607,138463,r9,C,2.91272820542732,1.543
20220607,138463,r9,D,2.139935645266883,1.406
20220607,138463,z9,A,2.342589756084259,1.436
20220607,138463,z9,B,2.304121590240986,1.496
20220607,138463,z9,C,2.658020742964645,1.625
20220607,138463,z9,D,2.411810155287987,1.531
20220608,138591,b0,A,4.001784034999406,1.133
20220608,138591,b0,B,3.029653621147714,1.117
20220608,138591,b0,C,3.556628018232799,1.122
20220608,138591,b0,D,3.889070712732917,1.122
20220608,138591,r0,A,2.774172899088448,1.655
20220608,138591,r0,B,2.51649081965392,1.488
20220608,138591,r0,C,2.708363104031112,1.583
20220608,138591,r0,D,2.440564438085724,1.507
20220608,138591,z0,A,2.625471178020778,1.614
20220608,138591,z0,B,2.313142073191472,1.519
20220608,138591,z0,C,2.646220784895088,1.673
20220608,138591,z0,D,2.347565413030209,1.491
20220608,138591,b1,A,4.735384210446741,1.308
20220608,138591,b1,B,3.192228280516536,1.286
20220608,138591,b1,C,4.095202170265688,1.288
20220608,138591,b1,D,3.244527253891416,1.304
20220608,138591,r1,A,2.933996894593668,1.626
20220608,138591,r1,B,2.815503290351211,1.611
20220608,138591,r1,C,2.712343600876734,1.403
20220608,138591,r1,D,2.623559115162628,1.436
20220608,138591,z1,A,2.622751772624218,1.439
20220608,138591,z1,B,2.414083080424355,1.484
20220608,138591,z1,C,3.702159582540729,1.603
20220608,138591,z1,D,2.579254883314204,1.49
20220608,138591,b2,A,3.606298836563749,1.119
20220608,138591,b2,B,3.043871574516573,1.12
20220608,138591,b2,C,3.125504651182307,1.118
20220608,138591,b2,D,2.976492517279386,1.114
20220608,138591,r2,A,2.661596692046588,1.653
20220608,138591,r2,B,4.504154671254753,1.594
20220608,138591,r2,C,2.445606029317937,1.509
20220608,138591,r2,D,2.470097001298564,1.47
20220608,138591,z2,A,2.276861341605561,1.432
20220608,138591,z2,B,2.243579345633848,1.494
20220608,138591,z2,C,2.670717604446415,1.593
20220608,138591,z2,D,2.320138816244857,1.524
20220608,138591,b3,A,3.66025780625436,1.145
20220608,138591,b3,B,2.95203271539077,1.132
20220608,138591,b3,C,3.199329704806715,1.159
20220608,138591,b3,D,2.999371945547582,1.164
20220608,138591,r3,A,2.676421198567547,1.681
20220608,138591,r3,B,3.128007460711937,1.625
20220608,138591,r3,C,2.335275037775078,1.477
20220608,138591,r3,D,2.273992308153156,1.492
20220608,138591,z3,A,2.78338883814726,1.445
20220608,138591,z3,B,2.617911147980298,1.481
20220608,138591,z3,C,3.09886045004315,1.697
20220608,138591,z3,D,3.133106988105247,1.682
20220608,138591,b4,A,4.031117591341126,1.068
20220608,138591,b4,B,3.051099982028635,1.088
20220608,138591,b4,C,3.425268840882737,1.076
20220608,138591,b4,D,2.978047423809697,1.083
20220608,138591,r4,A,2.954882303672215,1.652
20220608,138591,r4,B,2.920774768948061,1.572
20220608,138591,r4,C,2.562028224513051,1.519
20220608,138591,r4,D,2.485347682384037,1.446
20220608,138591,z4,A,2.583073555645635,1.64
20220608,138591,z4,B,2.446100867353532,1.631
20220608,138591,z4,C,2.582059238353534,1.665
20220608,138591,z4,D,2.30867312908521,1.509
20220608,138591,b5,A,4.228098690127434,1.122
20220608,138591,b5,B,3.108215165852403,1.127
20220608,138591,b5,C,4.457126072450631,1.162
20220608,138591,b5,D,3.154569772785106,1.132
20220608,138591,r5,A,3.185609081917156,1.684
20220608,138591,r5,B,3.075613879898641,1.655
20220608,138591,r5,C,2.850719941147402,1.467
20220608,138591,r5,D,2.69760365626568,1.509
20220608,138591,z5,A,2.42439418826003,1.572
20220608,138591,z5,B,2.207839967905966,1.511
20220608,138591,z5,C,2.627856678742351,1.72
20220608,138591,z5,D,2.503393992706931,1.658
20220608,138591,b6,A,3.856079519117106,1.29
20220608,138591,b6,B,3.296760060862353,1.284
20220608,138591,b6,C,3.201432363675143,1.292
20220608,138591,b6,D,3.167072645255496,1.295
20220608,138591,r6,A,2.687452843121746,1.704
20220608,138591,r6,B,3.125974526599756,1.665
20220608,138591,r6,C,2.388378876108916,1.491
20220608,138591,r6,D,2.303252170150447,1.531
20220608,138591,z6,A,2.18327028354741,1.387
20220608,138591,z6,B,2.294102229832358,1.518
20220608,138591,z6,C,2.385425101504348,1.534
20220608,138591,z6,D,2.433670156796438,1.554
20220608,138591,b7,A,3.337285510483662,1.117
20220608,138591,b7,B,2.833804256196259,1.117
20220608,138591,b7,C,3.361775431957399,1.127
20220608,138591,b7,D,2.911553983932579,1.128
20220608,138591,r7,A,2.603013500928299,1.666
20220608,138591,r7,B,2.521462778840323,1.67
20220608,138591,r7,C,2.20705843489692,1.444
20220608,138591,r7,D,2.2734596601423,1.505
20220608,138591,z7,A,2.371493745768786,1.533
20220608,138591,z7,B,2.405680835243475,1.53
20220608,138591,z7,C,2.665984302773914,1.667
20220608,138591,z7,D,2.514840948300005,1.547
20220608,138591,b8,A,3.629565418665502,1.091
20220608,138591,b8,B,2.922696547396738,1.121
20220608,138591,b8,C,3.163143534156619,1.141
20220608,138591,b8,D,3.030753499651667,1.135
20220608,138591,r8,A,2.650871526190647,1.627
20220608,138591,r8,B,2.232036178041646,1.482
20220608,138591,r8,C,2.603977405741051,1.581
20220608,138591,r8,D,2.58541673753622,1.589
20220608,138591,z8,A,2.501129824907079,1.466
20220608,138591,z8,B,2.224310190640211,1.498
20220608,138591,z8,C,2.621512739433095,1.655
20220608,138591,z8,D,2.576679064594231,1.658
20220608,138591,b9,A,3.45833538766308,1.106
20220608,138591,b9,B,2.749913110619624,1.083
20220608,138591,b9,C,2.970623377176749,1.115
20220608,138591,b9,D,3.066368903430612,1.12
20220608,138591,r9,A,2.645324052667489,1.591
20220608,138591,r9,B,2.177180939479285,1.412
20220608,138591,r9,C,2.913983131897841,1.543
20220608,138591,r9,D,2.144689221299906,1.406
20220608,138591,z9,A,2.31844054222834,1.436
20220608,138591,z9,B,2.368643553776542,1.496
20220608,138591,z9,C,2.671130644356681,1.625
20220608,138591,z9,D,2.426862870573105,1.531
20220609,138933,b0,A,3.989575958422532,1.133
20220609,138933,b0,B,3.023075733831533,1.117
20220609,138933,b0,C,3.531086541181215,1.122
20220609,138933,b0,D,3.966695052651232,1.122
20220609,138933,r0,A,2.764533112896355,1.655
20220609,138933,r0,B,2.524428381452265,1.488
20220609,138933,r0,C,2.699498757375718,1.583
20220609,138933,r0,D,2.425521147642939,1.507
20220609,138933,z0,A,2.625438507018047,1.614
20220609,138933,z0,B,2.336470328676461,1.519
20220609,138933,z0,C,2.659096597988935,1.673
20220609,138933,z0,D,2.355491185314035,1.491
20220609,138933,b1,A,4.750750769787972,1.308
20220609,138933,b1,B,3.217297978842777,1.286
20220609,138933,b1,C,4.119204884771164,1.288
20220609,138933,b1,D,3.246050696107183,1.304
20220609,138933,r1,A,2.935224170080575,1.626
20220609,138933,r1,B,2.816149845812899,1.611
20220609,138933,r1,C,2.696400656704213,1.403
20220609,138933,r1,D,2.623146488755929,1.436
20220609,138933,z1,A,2.610772311095023,1.439
20220609,138933,z1,B,2.418718878924207,1.484
20220609,138933,z1,C,3.689860838991264,1.603
20220609,138933,z1,D,2.570226556495239,1.49
20220609,138933,b2,A,3.620027101454698,1.119
20220609,138933,b2,B,3.016110218210123,1.12
20220609,138933,b2,C,3.132589544885728,1.118
20220609,138933,b2,D,2.982404155196026,1.114
20220609,138933,r2,A,2.673181166870788,1.653
20220609,138933,r2,B,4.51311958961724,1.594
20220609,138933,r2,C,2.440055422465358,1.509
20220609,138933,r2,D,2.460490710096656,1.47
20220609,138933,z2,A,2.279981332418652,1.432
20220609,138933,z2,B,2.238043111912891,1.494
20220609,138933,z2,C,2.671025708818592,1.593
20220609,138933,z2,D,2.326448326447227,1.524
20220609,138933,b3,A,3.689885413329328,1.145
20220609,138933,b3,B,2.962023435803852,1.132
20220609,138933,b3,C,3.406783436951601,1.159
20220609,138933,b3,D,3.006725747736205,1.164
20220609,138933,r3,A,2.672869361992698,1.681
20220609,138933,r3,B,3.156680082048101,1.625
20220609,138933,r3,C,2.333337874783341,1.477
20220609,138933,r3,D,2.280526414316518,1.492
20220609,138933,z3,A,2.797586396297839,1.445
20220609,138933,z3,B,2.621542814961458,1.481
20220609,138933,z3,C,3.088324098559537,1.697
20220609,138933,z3,D,3.120799564968934,1.682
20220609,138933,b4,A,4.053509290530276,1.068
20220609,138933,b4,B,3.043664921458213,1.088
20220609,138933,b4,C,3.450717547653316,1.076
20220609,138933,b4,D,2.992014414105686,1.083
20220609,138933,r4,A,2.945371083451408,1.652
20220609,138933,r4,B,2.911391136687274,1.572
20220609,138933,r4,C,2.573873835616842,1.519
20220609,138933,r4,D,2.476317305480667,1.446
20220609,138933,z4,A,2.567430268684281,1.64
20220609,138933,z4,B,2.452300511946563,1.631
20220609,138933,z4,C,2.660505134716833,1.665
20220609,138933,z4,D,2.323824591358507,1.509
20220609,138933,b5,A,4.054149114874929,1.122
20220609,138933,b5,B,3.001702466129395,1.127
20220609,138933,b5,C,4.331427924534522,1.162
20220609,138933,b5,D,3.07105777605076,1.132
20220609,138933,r5,A,3.172436959937782,1.684
20220609,138933,r5,B,3.086590639487797,1.655
20220609,138933,r5,C,2.843398410161577,1.467
20220609,138933,r5,D,2.697550673488081,1.509
20220609,138933,z5,A,2.425757367406436,1.572
20220609,138933,z5,B,2.212807950862679,1.511
20220609,138933,z5,C,2.617106540608637,1.72
20220609,138933,z5,D,2.506888254951253,1.658
20220609,138933,b6,A,3.858322731906036,1.29
20220609,138933,b6,B,3.313756907959974,1.284
20220609,138933,b6,C,3.152773164100653,1.292
20220609,138933,b6,D,3.176706021846863,1.295
20220609,138933,r6,A,2.69876280641967,1.704
20220609,138933,r6,B,3.136361037919079,1.665
20220609,138933,r6,C,2.387856625769944,1.491
20220609,138933,r6,D,2.307008215053791,1.531
20220609,138933,z6,A,2.182216049940476,1.387
20220609,138933,z6,B,2.290458408709188,1.518
20220609,138933,z6,C,2.390936267042431,1.534
20220609,138933,z6,D,2.433856108697936,1.554
20220609,138933,b7,A,3.254426688695968,1.117
20220609,138933,b7,B,2.800120044080031,1.117
20220609,138933,b7,C,3.201100843210404,1.127
20220609,138933,b7,D,2.811647226710089,1.128
20220609,138933,r7,A,2.599620614633401,1.666
20220609,138933,r7,B,2.527436161454804,1.67
20220609,138933,r7,C,2.20862931625788,1.444
20220609,138933,r7,D,2.278401018440947,1.505
20220609,138933,z7,A,2.367302414896654,1.533
20220609,138933,z7,B,2.394565450332094,1.53
20220609,138933,z7,C,2.666660323029837,1.667
20220609,138933,z7,D,2.519562599171306,1.547
20220609,138933,b8,A,3.656546056019441,1.091
20220609,138933,b8,B,2.922664573869971,1.121
20220609,138933,b8,C,3.167135478861411,1.141
20220609,138933,b8,D,3.058637384142127,1.135
20220609,138933,r8,A,2.660561952492395,1.627
20220609,138933,r8,B,2.2372384000761,1.482
20220609,138933,r8,C,2.603830075153991,1.581
20220609,138933,r8,D,2.579946595884553,1.589
20220609,138933,z8,A,2.498876828755816,1.466
20220609,138933,z8,B,2.230952694830765,1.498
20220609,138933,z8,C,2.626046878849395,1.655
20220609,138933,z8,D,2.561556012108159,1.658
20220609,138933,b9,A,3.496876330152642,1.106
20220609,138933,b9,B,2.750300926467478,1.083
20220609,138933,b9,C,3.098503071104633,1.115
20220609,138933,b9,D,3.304572644048273,1.12
20220609,138933,r9,A,2.642058705476625,1.591
20220609,138933,r9,B,2.188789877476782,1.412
20220609,138933,r9,C,2.906606393834446,1.543
20220609,138933,r9,D,2.142154008913305,1.406
20220609,138933,z9,A,2.319859400254262,1.436
20220609,138933,z9,B,2.361348481043188,1.496
20220609,138933,z9,C,2.656820790781396,1.625
20220609,138933,z9,D,2.424519104868998,1.531
20220610,139067,b0,A,3.970720096427557,1.133
20220610,139067,b0,B,3.007425511893446,1.117
20220610,139067,b0,C,3.538836306589645,1.122
20220610,139067,b0,D,3.955491738607058,1.122
20220610,139067,r0,A,2.762310435021496,1.655
20220610,139067,r0,B,2.530752771438183,1.488
20220610,139067,r0,C,2.709780517516893,1.583
20220610,139067,r0,D,2.428756391876875,1.507
20220610,139067,z0,A,2.62193324511827,1.614
20220610,139067,z0,B,2.327848722964327,1.519
20220610,139067,z0,C,2.649662895612699,1.673
20220610,139067,z0,D,2.35015817031011,1.491
20220610,139067,b1,A,4.791117078947524,1.308
20220610,139067,b1,B,3.199495141961886,1.286
20220610,139067,b1,C,4.222280570810931,1.288
20220610,139067,b1,D,3.242571919933991,1.304
20220610,139067,r1,A,2.938372254504011,1.626
20220610,139067,r1,B,2.807930465849225,1.611
20220610,139067,r1,C,2.709232418463941,1.403
20220610,139067,r1,D,2.616957265286469,1.436
20220610,139067,z1,A,2.616985966970498,1.439
20220610,139067,z1,B,2.409141358430711,1.484
20220610,139067,z1,C,3.703556338059697,1.603
20220610,139067,z1,D,2.573536340081997,1.49
20220610,139067,b2,A,3.651954019751677,1.119
20220610,139067,b2,B,3.047873295136285,1.12
20220610,139067,b2,C,3.141566418854345,1.118
20220610,139067,b2,D,2.994161438111547,1.114
20220610,139067,r2,A,2.672991828768557,1.653
20220610,139067,r2,B,4.499075895237683,1.594
20220610,139067,r2,C,2.43803729464402,1.509
20220610,139067,r2,D,2.46529672295362,1.47
20220610,139067,z2,A,2.280515449615865,1.432
20220610,139067,z2,B,2.244667140122126,1.494
20220610,139067,z2,C,2.673739791452099,1.593
20220610,139067,z2,D,2.320015193568666,1.524
20220610,139067,b3,A,3.578138011826748,1.145
20220610,139067,b3,B,2.937823222106247,1.132
20220610,139067,b3,C,3.268764545791091,1.159
20220610,139067,b3,D,3.006632764994046,1.164
20220610,139067,r3,A,2.668895277217435,1.681
20220610,139067,r3,B,3.154947375016082,1.625
20220610,139067,r3,C,2.340729715740663,1.477
20220610,139067,r3,D,2.273720806585889,1.492
20220610,139067,z3,A,2.788470627890555,1.445
20220610,139067,z3,B,2.634294489673856,1.481
20220610,139067,z3,C,3.114440385307477,1.697
20220610,139067,z3,D,3.140164090237502,1.682
20220610,139067,b4,A,4.062527795129948,1.068
20220610,139067,b4,B,3.044302167961587,1.088
20220610,139067,b4,C,3.452091281039086,1.076
20220610,139067,b4,D,3.000289681820967,1.083
20220610,139067,r4,A,2.955828720423029,1.652
20220610,139067,r4,B,2.929333470597504,1.572
20220610,139067,r4,C,2.579524210458533,1.519
20220610,139067,r4,D,2.487933048630915,1.446
20220610,139067,z4,A,2.574304020077574,1.64
20220610,139067,z4,B,2.454093473544639,1.631
20220610,139067,z4,C,2.68064870396329,1.665
20220610,139067,z4,D,2.32027517468217,1.509
20220610,139067,b5,A,4.057843508211243,1.122
20220610,139067,b5,B,3.008344873428209,1.127
20220610,139067,b5,C,4.34831157332366,1.162
20220610,139067,b5,D,3.079189392987411,1.132
20220610,139067,r5,A,3.17010123110712,1.684
20220610,139067,r5,B,3.091182226226524,1.655
20220610,139067,r5,C,2.851156175459888,1.467
20220610,139067,r5,D,2.690506332423385,1.509
20220610,139067,z5,A,2.437564119125977,1.572
20220610,139067,z5,B,2.208889264433337,1.511
20220610,139067,z5,C,2.637276142964776,1.72
20220610,139067,z5,D,2.503298914149768,1.658
20220610,139067,b6,A,3.873290154200423,1.29
20220610,139067,b6,B,3.28937882976805,1.284
20220610,139067,b6,C,3.145290770423203,1.292
20220610,139067,b6,D,3.143018992959123,1.295
20220610,139067,r6,A,2.695536128105906,1.704
20220610,139067,r6,B,3.1286664810049,1.665
20220610,139067,r6,C,2.382654961104279,1.491
20220610,139067,r6,D,2.310352606860044,1.531
20220610,139067,z6,A,2.176596585429072,1.387
20220610,139067,z6,B,2.293048610479731,1.518
20220610,139067,z6,C,2.392403306430567,1.534
20220610,139067,z6,D,2.420832707786848,1.554
20220610,139067,b7,A,3.271975996184665,1.117
20220610,139067,b7,B,2.803674666920733,1.117
20220610,139067,b7,C,3.241712618660352,1.127
20220610,139067,b7,D,2.832395659383155,1.128
20220610,139067,r7,A,2.602853614644894,1.666
20220610,139067,r7,B,2.527385244492503,1.67
20220610,139067,r7,C,2.206403357091027,1.444
20220610,139067,r7,D,2.274591303146915,1.505
20220610,139067,z7,A,2.369371112407976,1.533
20220610,139067,z7,B,2.459519228407959,1.53
20220610,139067,z7,C,2.676110418755132,1.667
20220610,139067,z7,D,2.505631104673439,1.547
20220610,139067,b8,A,3.672649644272768,1.091
20220610,139067,b8,B,2.937298412719883,1.121
20220610,139067,b8,C,3.180548499947097,1.141
20220610,139067,b8,D,3.063015934617612,1.135
20220610,139067,r8,A,2.661759976133385,1.627
20220610,139067,r8,B,2.232584649515187,1.482
20220610,139067,r8,C,2.606671639295219,1.581
20220610,139067,r8,D,2.58595699783558,1.589
20220610,139067,z8,A,2.49202088715484,1.466
20220610,139067,z8,B,2.23756570654824,1.498
20220610,139067,z8,C,2.613203635113833,1.655
20220610,139067,z8,D,2.570369224565137,1.658
20220610,139067,b9,A,3.500582544290178,1.106
20220610,139067,b9,B,2.738776499099352,1.083
20220610,139067,b9,C,3.142252011401647,1.115
20220610,139067,b9,D,3.329039322813497,1.12
20220610,139067,r9,A,2.641532345459469,1.591
20220610,139067,r9,B,2.18173624906805,1.412
20220610,139067,r9,C,2.919553127434926,1.543
20220610,139067,r9,D,2.138095459331979,1.406
20220610,139067,z9,A,2.306974855199288,1.436
20220610,139067,z9,B,2.374290505026593,1.496
20220610,139067,z9,C,2.666970408551809,1.625
20220610,139067,z9,D,2.432002989634009,1.531
20220611,139271,b0,A,3.96519988136766,1.133
20220611,139271,b0,B,2.989068308419891,1.117
20220611,139271,b0,C,3.530925814037563,1.122
20220611,139271,b0,D,4.004453930296921,1.122
20220611,139271,r0,A,2.769692589795303,1.655
20220611,139271,r0,B,2.52778749238361,1.488
20220611,139271,r0,C,2.71004934687895,1.583
20220611,139271,r0,D,2.426191899112935,1.507
20220611,139271,z0,A,2.621764627540015,1.614
20220611,139271,z0,B,2.322257254404542,1.519
20220611,139271,z0,C,2.65908724262403,1.673
20220611,139271,z0,D,2.352716132505009,1.491
20220611,139271,b1,A,4.836670347501414,1.308
20220611,139271,b1,B,3.22570470342075,1.286
20220611,139271,b1,C,4.206403800080136,1.288
20220611,139271,b1,D,3.246969339667496,1.304
20220611,139271,r1,A,2.937566869830309,1.626
20220611,139271,r1,B,2.817932885666898,1.611
20220611,139271,r1,C,2.70529543603457,1.403
20220611,139271,r1,D,2.621647173400337,1.436
20220611,139271,z1,A,2.615873486005967,1.439
20220611,139271,z1,B,2.412065653369929,1.484
20220611,139271,z1,C,3.695965252672053,1.603
20220611,139271,z1,D,2.570240747792996,1.49
20220611,139271,b2,A,3.66206798293301,1.119
20220611,139271,b2,B,3.066148908764523,1.12
20220611,139271,b2,C,3.17169006500554,1.118
20220611,139271,b2,D,3.004826668660303,1.114
20220611,139271,r2,A,2.66396638200816,1.653
20220611,139271,r2,B,4.497985856238044,1.594
20220611,139271,r2,C,2.435123356951502,1.509
20220611,139271,r2,D,2.46777691019684,1.47
20220611,139271,z2,A,2.274037767166436,1.432
20220611,139271,z2,B,2.243564842811478,1.494
20220611,139271,z2,C,2.669602276009271,1.593
20220611,139271,z2,D,2.330414805522719,1.524
20220611,139271,b3,A,3.605651939693623,1.145
20220611,139271,b3,B,2.937023295341459,1.132
20220611,139271,b3,C,3.637128317343567,1.159
20220611,139271,b3,D,2.986604991230227,1.164
20220611,139271,r3,A,2.667324807820332,1.681
20220611,139271,r3,B,3.127867379206931,1.625
20220611,139271,r3,C,2.342086607316462,1.477
20220611,139271,r3,D,2.279300246475136,1.492
20220611,139271,z3,A,2.773700655280736,1.445
20220611,139271,z3,B,2.619787654019829,1.481
20220611,139271,z3,C,3.100366518772692,1.697
20220611,139271,z3,D,3.125619939022528,1.682
20220611,139271,b4,A,4.108990116892947,1.068
20220611,139271,b4,B,3.023538635284966,1.088
20220611,139271,b4,C,3.489579247204285,1.076
20220611,139271,b4,D,2.989309098715279,1.083
20220611,139271,r4,A,2.956010984380285,1.652
20220611,139271,r4,B,2.927499656570425,1.572
20220611,139271,r4,C,2.589112433636725,1.519
20220611,139271,r4,D,2.49787927898563,1.446
20220611,139271,z4,A,2.57014857880786,1.64
20220611,139271,z4,B,2.447471854551015,1.631
20220611,139271,z4,C,2.576985081338252,1.665
20220611,139271,z4,D,2.318057050705942,1.509
20220611,139271,b5,A,4.336909042400475,1.122
20220611,139271,b5,B,3.123520818868145,1.127
20220611,139271,b5,C,4.345006476262842,1.162
20220611,139271,b5,D,3.205691891354826,1.132
20220611,139271,r5,A,3.183849726846228,1.684
20220611,139271,r5,B,3.079501868027955,1.655
20220611,139271,r5,C,2.85383918775344,1.467
20220611,139271,r5,D,2.693676761554879,1.509
20220611,139271,z5,A,2.42957193089643,1.572
20220611,139271,z5,B,2.205412425187368,1.511
20220611,139271,z5,C,2.649968145447303,1.72
20220611,139271,z5,D,2.497903932198152,1.658
20220611,139271,b6,A,3.856753202640812,1.29
20220611,139271,b6,B,3.28387777923784,1.284
20220611,139271,b6,C,3.132524515193987,1.292
20220611,139271,b6,D,3.165069130201628,1.295
20220611,139271,r6,A,2.695450030277792,1.704
20220611,139271,r6,B,3.126284912713668,1.665
20220611,139271,r6,C,2.390407826290797,1.491
20220611,139271,r6,D,2.303829423287802,1.531
20220611,139271,z6,A,2.177104939312433,1.387
20220611,139271,z6,B,2.291346658067417,1.518
20220611,139271,z6,C,2.376784318270103,1.534
20220611,139271,z6,D,2.438653796747902,1.554
20220611,139271,b7,A,3.268032358767732,1.117
20220611,139271,b7,B,2.794693717607844,1.117
20220611,139271,b7,C,3.230625759111225,1.127
20220611,139271,b7,D,2.823331097005413,1.128
20220611,139271,r7,A,2.606650009625877,1.666
20220611,139271,r7,B,2.528132207583855,1.67
20220611,139271,r7,C,2.20210003036302,1.444
20220611,139271,r7,D,2.275789193285346,1.505
20220611,139271,z7,A,2.370015277354265,1.533
20220611,139271,z7,B,2.391736759326565,1.53
20220611,139271,z7,C,2.671910536878578,1.667
20220611,139271,z7,D,2.513591851620887,1.547
20220611,139271,b8,A,3.679834577828327,1.091
20220611,139271,b8,B,2.925502013862523,1.121
20220611,139271,b8,C,3.184404843132374,1.141
20220611,139271,b8,D,3.04947023466849,1.135
20220611,139271,r8,A,2.666468994935324,1.627
20220611,139271,r8,B,2.239298218092618,1.482
20220611,139271,r8,C,2.605495051715248,1.581
20220611,139271,r8,D,2.590545414494633,1.589
20220611,139271,z8,A,2.498785145884352,1.466
20220611,139271,z8,B,2.232203746912341,1.498
20220611,139271,z8,C,2.612607086345897,1.655
20220611,139271,z8,D,2.573998359602689,1.658
20220611,139271,b9,A,3.514089115475056,1.106
20220611,139271,b9,B,2.752917566053896,1.083
20220611,139271,b9,C,3.222723365090887,1.115
20220611,139271,b9,D,3.370591081165687,1.12
20220611,139271,r9,A,2.640747551213037,1.591
20220611,139271,r9,B,2.186818090220552,1.412
20220611,139271,r9,C,2.918752055874827,1.543
20220611,139271,r9,D,2.148897951758259,1.406
20220611,139271,z9,A,2.320021904006675,1.436
20220611,139271,z9,B,2.374663856533613,1.496
20220611,139271,z9,C,2.662463737473156,1.625
20220611,139271,z9,D,2.419607994209284,1.531
20220612,139410,b0,A,3.968621604052924,1.133
20220612,139410,b0,B,3.000590397067886,1.117
20220612,139410,b0,C,3.54393601906499,1.122
20220612,139410,b0,D,3.975524862810796,1.122
20220612,139410,r0,A,2.768266169903829,1.655
20220612,139410,r0,B,2.525186603112131,1.488
20220612,139410,r0,C,2.714334476704365,1.583
20220612,139410,r0,D,2.425665230732356,1.507
20220612,139410,z0,A,2.618575740312965,1.614
20220612,139410,z0,B,2.337083897610726,1.519
20220612,139410,z0,C,2.653576388166143,1.673
20220612,139410,z0,D,2.353858371904464,1.491
20220612,139410,b1,A,4.923633764326601,1.308
20220612,139410,b1,B,3.194254397122999,1.286
20220612,139410,b1,C,4.314768372881848,1.288
20220612,139410,b1,D,3.238708284796314,1.304
20220612,139410,r1,A,2.928424041187997,1.626
20220612,139410,r1,B,2.822312599465588,1.611
20220612,139410,r1,C,2.705788728345694,1.403
20220612,139410,r1,D,2.61720119584166,1.436
20220612,139410,z1,A,2.617776970809953,1.439
20220612,139410,z1,B,2.401994842183777,1.484
20220612,139410,z1,C,3.714273685544476,1.603
20220612,139410,z1,D,2.57316003409599,1.49
20220612,139410,b2,A,3.633122178227526,1.119
20220612,139410,b2,B,3.0757961813257,1.12
20220612,139410,b2,C,3.161570014401643,1.118
20220612,139410,b2,D,2.993890342809059,1.114
20220612,139410,r2,A,2.667866448731765,1.653
20220612,139410,r2,B,4.496637801686698,1.594
20220612,139410,r2,C,2.440870682096948,1.509
20220612,139410,r2,D,2.464167879423524,1.47
20220612,139410,z2,A,2.280281030618804,1.432
20220612,139410,z2,B,2.230865765068982,1.494
20220612,139410,z2,C,2.667545552080097,1.593
20220612,139410,z2,D,2.319332084290142,1.524
20220612,139410,b3,A,3.567055597142653,1.145
20220612,139410,b3,B,2.929590446746416,1.132
20220612,139410,b3,C,3.429984270712696,1.159
20220612,139410,b3,D,2.999051152588368,1.164
20220612,139410,r3,A,2.662277232300948,1.681
20220612,139410,r3,B,3.166432579738179,1.625
20220612,139410,r3,C,2.341029448015183,1.477
20220612,139410,r3,D,2.272273074727229,1.492
20220612,139410,z3,A,2.772920245159521,1.445
20220612,139410,z3,B,2.615677810352817,1.481
20220612,139410,z3,C,3.09354452386538,1.697
20220612,139410,z3,D,3.138554837351159,1.682
20220612,139410,b4,A,4.092132103102343,1.068
20220612,139410,b4,B,3.038541889695705,1.088
20220612,139410,b4,C,3.477792803564452,1.076
20220612,139410,b4,D,3.001481658375382,1.083
20220612,139410,r4,A,2.962078678675661,1.652
20220612,139410,r4,B,2.936428125189881,1.572
20220612,139410,r4,C,2.58012467016169,1.519
20220612,139410,r4,D,2.484110566237596,1.446
20220612,139410,z4,A,2.575563927267806,1.64
20220612,139410,z4,B,2.449891125339437,1.631
20220612,139410,z4,C,2.582744185798258,1.665
20220612,139410,z4,D,2.317488153543574,1.509
20220612,139410,b5,A,4.105569018957467,1.122
20220612,139410,b5,B,3.026436440071257,1.127
20220612,139410,b5,C,4.325214327158275,1.162
20220612,139410,b5,D,3.105602094880276,1.132
20220612,139410,r5,A,3.171005888642045,1.684
20220612,139410,r5,B,3.0742642152833,1.655
20220612,139410,r5,C,2.863951767819266,1.467
20220612,139410,r5,D,2.693952864541115,1.509
20220612,139410,z5,A,2.435653323073478,1.572
20220612,139410,z5,B,2.210365274536329,1.511
20220612,139410,z5,C,2.647469128877513,1.72
20220612,139410,z5,D,2.503254451682833,1.658
20220612,139410,b6,A,3.874179083736002,1.29
20220612,139410,b6,B,3.280870493535011,1.284
20220612,139410,b6,C,3.111869366787276,1.292
20220612,139410,b6,D,3.149693007560377,1.295
20220612,139410,r6,A,2.681824764173994,1.704
20220612,139410,r6,B,3.141311022564003,1.665
20220612,139410,r6,C,2.384563650121266,1.491
20220612,139410,r6,D,2.30532985216058,1.531
20220612,139410,z6,A,2.190127645019868,1.387
20220612,139410,z6,B,2.28360643386018,1.518
20220612,139410,z6,C,2.388256002986151,1.534
20220612,139410,z6,D,2.436559290481827,1.554
20220612,139410,b7,A,3.244968761405158,1.117
20220612,139410,b7,B,2.7863911804387,1.117
20220612,139410,b7,C,3.126137108099949,1.127
20220612,139410,b7,D,2.78402688286707,1.128
20220612,139410,r7,A,2.602229025906149,1.666
20220612,139410,r7,B,2.517195527738829,1.67
20220612,139410,r7,C,2.204430688023803,1.444
20220612,139410,r7,D,2.269117329354474,1.505
20220612,139410,z7,A,2.372419932237742,1.533
20220612,139410,z7,B,2.402796017872205,1.53
20220612,139410,z7,C,2.676155991322055,1.667
20220612,139410,z7,D,2.514169077198317,1.547
20220612,139410,b8,A,3.68797785948351,1.091
20220612,139410,b8,B,2.930877832553891,1.121
20220612,139410,b8,C,3.174807096299087,1.141
20220612,139410,b8,D,3.037276565300491,1.135
20220612,139410,r8,A,2.657606204634203,1.627
20220612,139410,r8,B,2.238420461880561,1.482
20220612,139410,r8,C,2.598298173560496,1.581
20220612,139410,r8,D,2.579002796124351,1.589
20220612,139410,z8,A,2.501952729945361,1.466
20220612,139410,z8,B,2.228860942673395,1.498
20220612,139410,z8,C,2.610400481028876,1.655
20220612,139410,z8,D,2.572616705773618,1.658
20220612,139410,b9,A,3.496875183140261,1.106
20220612,139410,b9,B,2.753163599224955,1.083
20220612,139410,b9,C,3.16770176846788,1.115
20220612,139410,b9,D,3.339572821108693,1.12
20220612,139410,r9,A,2.641878055780921,1.591
20220612,139410,r9,B,2.181524509263848,1.412
20220612,139410,r9,C,2.912864927230323,1.543
20220612,139410,r9,D,2.148569352954207,1.406
20220612,139410,z9,A,2.314051200904289,1.436
20220612,139410,z9,B,2.292760368561324,1.496
20220612,139410,z9,C,2.603803036688257,1.625
20220612,139410,z9,D,2.429711004174575,1.531
20220613,139569,b0,A,3.97252678401415,1.133
20220613,139569,b0,B,2.961010727336532,1.117
20220613,139569,b0,C,3.521092538435763,1.122
20220613,139569,b0,D,4.026889730625825,1.122
20220613,139569,r0,A,2.766710148226327,1.655
20220613,139569,r0,B,2.526525728962591,1.488
20220613,139569,r0,C,2.702106436770523,1.583
20220613,139569,r0,D,2.431243817861754,1.507
20220613,139569,z0,A,2.626210205170865,1.614
20220613,139569,z0,B,2.318686150517549,1.519
20220613,139569,z0,C,2.652147447602724,1.673
20220613,139569,z0,D,2.353914323218657,1.491
20220613,139569,b1,A,4.90444657089515,1.308
20220613,139569,b1,B,3.178367808487152,1.286
20220613,139569,b1,C,4.165038827316781,1.288
20220613,139569,b1,D,3.211869302100676,1.304
20220613,139569,r1,A,2.940906772508605,1.626
20220613,139569,r1,B,2.808141511062118,1.611
20220613,139569,r1,C,2.724194751816539,1.403
20220613,139569,r1,D,2.625079613728724,1.436
20220613,139569,z1,A,2.608395784288092,1.439
20220613,139569,z1,B,2.412651727514191,1.484
20220613,139569,z1,C,3.720106343045053,1.603
20220613,139569,z1,D,2.569768947040189,1.49
20220613,139569,b2,A,3.645146226875454,1.119
20220613,139569,b2,B,3.075626810767173,1.12
20220613,139569,b2,C,3.182538089930179,1.118
20220613,139569,b2,D,3.009049373846409,1.114
20220613,139569,r2,A,2.660969418402759,1.653
20220613,139569,r2,B,4.509699704703602,1.594
20220613,139569,r2,C,2.447587953861079,1.509
20220613,139569,r2,D,2.462515820120874,1.47
20220613,139569,z2,A,2.280540991057507,1.432
20220613,139569,z2,B,2.227901678801036,1.494
20220613,139569,z2,C,2.662829671485049,1.593
20220613,139569,z2,D,2.31679544936053,1.524
20220613,139569,b3,A,3.585745260987617,1.145
20220613,139569,b3,B,2.915945884549286,1.132
20220613,139569,b3,C,3.121191933818336,1.159
20220613,139569,b3,D,2.98866903202844,1.164
20220613,139569,r3,A,2.677011703318029,1.681
20220613,139569,r3,B,3.115438365634703,1.625
20220613,139569,r3,C,2.345035305927284,1.477
20220613,139569,r3,D,2.276322292027372,1.492
20220613,139569,z3,A,2.77383998980764,1.445
20220613,139569,z3,B,2.616417991094052,1.481
20220613,139569,z3,C,3.088668092490849,1.697
20220613,139569,z3,D,3.127749184716646,1.682
20220613,139569,b4,A,4.11104286047379,1.068
20220613,139569,b4,B,3.041081829843979,1.088
20220613,139569,b4,C,3.494715933362006,1.076
20220613,139569,b4,D,2.986964130140841,1.083
20220613,139569,r4,A,2.928703215250524,1.652
20220613,139569,r4,B,2.913439324861305,1.572
20220613,139569,r4,C,2.56607792728819,1.519
20220613,139569,r4,D,2.478094515320878,1.446
20220613,139569,z4,A,2.580239899030295,1.64
20220613,139569,z4,B,2.447656900570533,1.631
20220613,139569,z4,C,2.676749700346649,1.665
20220613,139569,z4,D,2.310057334366712,1.509
20220613,139569,b5,A,4.193850084534743,1.122
20220613,139569,b5,B,3.064576438500925,1.127
20220613,139569,b5,C,4.284846606166145,1.162
20220613,139569,b5,D,3.14991044974881,1.132
20220613,139569,r5,A,3.179369883242214,1.684
20220613,139569,r5,B,3.075862921422366,1.655
20220613,139569,r5,C,2.847136611936243,1.467
20220613,139569,r5,D,2.694296066273118,1.509
20220613,139569,z5,A,2.435244685994615,1.572
20220613,139569,z5,B,2.202086809169805,1.511
20220613,139569,z5,C,2.655590063985144,1.72
20220613,139569,z5,D,2.505382520070428,1.658
20220613,139569,b6,A,3.847844209852806,1.29
20220613,139569,b6,B,3.259546592344377,1.284
20220613,139569,b6,C,3.105457633935024,1.292
20220613,139569,b6,D,3.147717527471751,1.295
20220613,139569,r6,A,2.694612604577161,1.704
20220613,139569,r6,B,3.123315386289328,1.665
20220613,139569,r6,C,2.395392325774144,1.491
20220613,139569,r6,D,2.301308012742445,1.531
20220613,139569,z6,A,2.175832732661443,1.387
20220613,139569,z6,B,2.289651228860333,1.518
20220613,139569,z6,C,2.387501582600559,1.534
20220613,139569,z6,D,2.428492782800063,1.554
20220613,139569,b7,A,3.216297721784926,1.117
20220613,139569,b7,B,2.806275196004087,1.117
20220613,139569,b7,C,3.162352580550331,1.127
20220613,139569,b7,D,2.81365285445205,1.128
20220613,139569,r7,A,2.604645047684273,1.666
20220613,139569,r7,B,2.533059262916408,1.67
20220613,139569,r7,C,2.21070933194855,1.444
20220613,139569,r7,D,2.280663786457818,1.505
20220613,139569,z7,A,2.369726724821549,1.533
20220613,139569,z7,B,2.399520716330248,1.53
20220613,139569,z7,C,2.674501566168111,1.667
20220613,139569,z7,D,2.514896794018981,1.547
20220613,139569,b8,A,3.732639017484695,1.091
20220613,139569,b8,B,2.943617383929838,1.121
20220613,139569,b8,C,3.228200182333989,1.141
20220613,139569,b8,D,3.084755826481238,1.135
20220613,139569,r8,A,2.655793649273898,1.627
20220613,139569,r8,B,2.235481035317378,1.482
20220613,139569,r8,C,2.594119069499727,1.581
20220613,139569,r8,D,2.575763901941514,1.589
20220613,139569,z8,A,2.501757831269924,1.466
20220613,139569,z8,B,2.230143897214492,1.498
20220613,139569,z8,C,2.609250320165765,1.655
20220613,139569,z8,D,2.566277395466359,1.658
20220613,139569,b9,A,3.592376590428521,1.106
20220613,139569,b9,B,2.744376028086517,1.083
20220613,139569,b9,C,3.19398872675506,1.115
20220613,139569,b9,D,3.353120139366695,1.12
20220613,139569,r9,A,2.641665100091618,1.591
20220613,139569,r9,B,2.190231747140757,1.412
20220613,139569,r9,C,2.916702410585374,1.543
20220613,139569,r9,D,2.13977310578107,1.406
20220613,139569,z9,A,2.319764730300807,1.436
20220613,139569,z9,B,2.302924369802224,1.496
20220613,139569,z9,C,2.596224432274378,1.625
20220613,139569,z9,D,2.432394814892984,1.531
